dancan aruya,danmajor787@gmail.com,0741274975,attachment,
dancan aruya,danmajor787@gmail.com,0741274975,attachment,
dancan aruya,danmajor787@gmail.com,0741274975,attachment,
dancan aruyas,danmajor787qw@gmail.com,07412749750,job,plumbing
dancan aruyass,danmajorss787@gmail.com,07412749754,attachment,
dancan aruyaaa,danmajoaar787@gmail.com,074127497588,attachment,
dancan aruyaqw,danmajoqqr787@gmail.com,07412749751,attachment,
dancan aruyaqwe,danmajeeewor787@gmail.com,0741274975123,attachment,
dancan aruyaqwert,danmwerajor787@gmail.com,0741274975324,attachment,
dancan aruyawertyuio,danmajosdffffffffffffffr787@gmail.com,0741274975265,attachment,
dancan aruyaasdft,danmasdfdyjor787@gmail.com,0741274975341,attachment,
dancan aruyawrtye,danmajwrfeor787@gmail.com,07412749755,attachment,
dancan aruya nyaata,danmuajor787@gmail.com,074127497522,internship,
